Index,Customer Id,First Name,Last Name,Company,City,Country,Phone 1,Phone 2,Email,Subscription Date,Website
,sdv-pii-at5p9,Jacob,Thompson,sdv-pii-itm2o,,sdv-pii-9i10s,sdv-pii-146vo,,,,
62.0,,,,sdv-pii-u2jy1,,sdv-pii-9sbn7,sdv-pii-580wl,,jgood@example.net,,sdv-pii-6ib6d
,sdv-pii-g794o,,Gutierrez,sdv-pii-uorts,South Amanda,sdv-pii-40u65,,sdv-pii-px4zz,mcdonaldmatthew@example.net,,
48.0,,Marie,Ferguson,sdv-pii-om8jz,,sdv-pii-42lr2,,sdv-pii-9mpas,mhernandez@example.net,2021-08-27,sdv-pii-1sgyg
79.0,sdv-pii-vp7pl,Kristen,,sdv-pii-l4mq7,,sdv-pii-0xoxk,sdv-pii-pz1c5,,,,sdv-pii-xgwmd
55.0,sdv-pii-4k4t9,,King,,Rachelshire,sdv-pii-zv9y5,,,michaelkane@example.org,,
,,Teresa,,,Martinezmouth,sdv-pii-10cao,sdv-pii-m3dyj,,anthonyrogers@example.net,2021-03-23,sdv-pii-8x2dt
43.0,sdv-pii-lvr5h,,,sdv-pii-xjxrq,Georgehaven,sdv-pii-js4dp,sdv-pii-5bx43,,timothy93@example.org,,sdv-pii-4snkb
,sdv-pii-ctacz,,Brown,sdv-pii-9txk5,Lake Randyshire,sdv-pii-4r33v,,sdv-pii-klor6,joliver@example.net,2021-03-17,
,sdv-pii-fesyu,,Russell,,Davischester,sdv-pii-k43uy,sdv-pii-36mjt,,megankane@example.org,,
,,,,sdv-pii-0rnmk,,sdv-pii-0vmn6,sdv-pii-dqpte,,,2021-01-04,sdv-pii-zypve
51.0,sdv-pii-hv2dw,,Anderson,,,sdv-pii-kauut,,sdv-pii-xi6cy,,,sdv-pii-ntt6t
,sdv-pii-5nbgr,,Carey,,North Christopher,,sdv-pii-sdqn6,sdv-pii-p8cec,,,sdv-pii-fm3er
64.0,sdv-pii-hk34e,Leslie,Bryan,,Harrisfort,sdv-pii-jr52h,sdv-pii-9vye9,sdv-pii-a23kh,bushstacey@example.net,,sdv-pii-zooag
45.0,,Cynthia,,,East Samantha,sdv-pii-zbba6,sdv-pii-3xh8t,sdv-pii-vjs16,,2021-01-09,sdv-pii-0695o
,,Teresa,Bonilla,sdv-pii-sfw4n,Marcusmouth,,sdv-pii-c8o4a,,,2021-01-04,
61.0,sdv-pii-rvnen,Katie,Wilson,sdv-pii-j4a9g,Parsonsfort,sdv-pii-rrh8f,sdv-pii-ciy3w,sdv-pii-0x0ri,crystalharmon@example.net,,
56.0,sdv-pii-bj7wx,,Daniel,sdv-pii-pd50r,,sdv-pii-63twt,,,qfisher@example.org,2021-03-28,
,sdv-pii-x85ah,,,,,,,sdv-pii-h63cq,saunderspaige@example.org,2021-01-12,sdv-pii-xsyun
,sdv-pii-j5e5c,,Downs,,,,,sdv-pii-ruqfp,petersensydney@example.org,,
,sdv-pii-xql6s,Amy,Lawson,,Joneston,sdv-pii-fsmxf,sdv-pii-s60oi,sdv-pii-tuqg9,jameskelli@example.org,,
,sdv-pii-6pqhn,Jared,Krueger,,West Thomas,sdv-pii-albj6,,,wolferin@example.com,2021-12-30,
56.0,sdv-pii-tqt3g,,Stout,sdv-pii-vuyfy,Baileyhaven,sdv-pii-llcq7,sdv-pii-4cugq,sdv-pii-zmd0c,ckelly@example.org,2021-05-03,sdv-pii-ud5oh
58.0,,Charles,,sdv-pii-4ixvl,,,,sdv-pii-bks16,,,
51.0,,,,,Cooperborough,,,sdv-pii-htz8u,ffisher@example.com,,sdv-pii-jdeql
,,,Cox,sdv-pii-ne7ho,Port Samanthafurt,sdv-pii-kstpz,sdv-pii-1apk9,sdv-pii-23gkg,,,
26.0,,,Nelson,,,sdv-pii-mkqtp,,,kvasquez@example.org,2020-02-24,sdv-pii-j1x9t
,sdv-pii-4yqud,,Pearson,,Lake David,sdv-pii-yi1tu,sdv-pii-ir0fh,sdv-pii-w43lm,,,sdv-pii-zx88j
,sdv-pii-m6cic,Christopher,Gallagher,sdv-pii-9l229,,sdv-pii-jw9gs,sdv-pii-3kvku,sdv-pii-rmf3n,victoriamclean@example.net,,sdv-pii-3us7l
,sdv-pii-yhzk9,,,sdv-pii-jradw,,sdv-pii-z1tpy,sdv-pii-hb5cj,,,,sdv-pii-00u0y
,,Samantha,Wood,sdv-pii-17chg,Sheriport,,sdv-pii-glff2,sdv-pii-8iaqj,richardsangel@example.net,,sdv-pii-ew8jx
69.0,sdv-pii-q6xfh,Ricky,Mann,,,sdv-pii-p9n8r,sdv-pii-95o3w,sdv-pii-zgyy9,,2021-03-21,sdv-pii-zoctv
44.0,sdv-pii-9lzdj,,Walker,sdv-pii-dtg4k,Pottermouth,sdv-pii-p9xwe,sdv-pii-vbpbn,sdv-pii-wfjsx,,,
,sdv-pii-jrnhu,,,,East John,sdv-pii-k4k3a,sdv-pii-9tfru,sdv-pii-idywu,,,sdv-pii-dq1tb
60.0,sdv-pii-1g786,Laura,Allen,,Lake Alec,sdv-pii-26kdr,sdv-pii-va22v,sdv-pii-zqz0s,,,sdv-pii-3fv8c
,sdv-pii-0gnvs,,Ramirez,,Lake Kyle,sdv-pii-q719r,sdv-pii-pcufo,,kmaldonado@example.com,2021-03-31,
39.0,sdv-pii-zrm4h,Joshua,,,,sdv-pii-mk7u0,sdv-pii-44136,sdv-pii-2x73y,,2021-05-21,sdv-pii-cu5zn
36.0,sdv-pii-6m1pe,Anna,,,,sdv-pii-9vtn2,sdv-pii-41jhh,sdv-pii-kzr10,nlynch@example.org,,sdv-pii-v4mq4
,sdv-pii-ecwcs,Elizabeth,Jordan,,,sdv-pii-qx7fl,,sdv-pii-pe9qx,,2021-03-16,
52.0,,,Baker,sdv-pii-6d922,North David,sdv-pii-fxsm8,sdv-pii-91vy8,sdv-pii-wci2r,zprice@example.com,,sdv-pii-e9jl4
,,Amy,Duran,sdv-pii-ta005,Ortizton,,sdv-pii-eoq83,,,,sdv-pii-4o5ow
99.0,,,,,West Larrymouth,,,sdv-pii-hy8r4,,2021-02-26,sdv-pii-13k1b
,sdv-pii-scnx5,,,,West Priscillaland,sdv-pii-wvyhr,sdv-pii-p3ido,sdv-pii-c03s5,,2021-02-10,sdv-pii-tlfsj
21.0,sdv-pii-m9fac,John,Reynolds,sdv-pii-794ij,Lake Joseph,sdv-pii-1p8tm,sdv-pii-s674z,sdv-pii-ujdep,,,sdv-pii-muczr
,,,Hines,sdv-pii-vh4qh,,,sdv-pii-ddj3u,,jrosales@example.com,2021-06-27,
65.0,sdv-pii-3knib,Paul,Morrison,,,sdv-pii-owufi,sdv-pii-a4z5m,sdv-pii-n4wzp,molinamakayla@example.com,,sdv-pii-j92m1
,sdv-pii-i2frz,,Anderson,sdv-pii-vp2m4,,sdv-pii-izmnl,sdv-pii-nbjr2,sdv-pii-otmh3,,,
57.0,sdv-pii-t3nod,Sarah,,,Dorothybury,sdv-pii-bhrtw,,,gcalhoun@example.org,2021-01-06,
52.0,sdv-pii-9egv6,,George,sdv-pii-fnmqk,Sextonstad,sdv-pii-6k3aj,sdv-pii-tr6kc,,martinezamanda@example.net,,sdv-pii-aeoi0
2.0,sdv-pii-33e2p,,Dominguez,,New Jamesmouth,,sdv-pii-gux73,,,2021-05-27,sdv-pii-crzb2
,sdv-pii-aj0ku,,,,,sdv-pii-9um8k,sdv-pii-yllm1,sdv-pii-h9dao,,2021-03-04,sdv-pii-puhhz
27.0,sdv-pii-ro7dz,Jared,Davis,sdv-pii-ot5rq,,,,,,2021-04-27,
53.0,sdv-pii-ra1e7,Tasha,Chavez,sdv-pii-7r6g8,North Anna,sdv-pii-ifze9,sdv-pii-vuokz,,christinesexton@example.org,2020-01-13,sdv-pii-er1ip
2.0,sdv-pii-d4yi5,,Allen,sdv-pii-occ4d,New Brianbury,,,sdv-pii-hmwrj,josephramos@example.com,2021-06-02,
,sdv-pii-lfbhz,Eduardo,Wise,sdv-pii-4il47,,sdv-pii-fgt6y,,sdv-pii-qb7g2,caitlyn57@example.com,2020-04-09,sdv-pii-ecek6
,,Brian,,sdv-pii-9ngn5,,sdv-pii-f03xg,sdv-pii-hfr1p,sdv-pii-3ivpu,nguyenchristine@example.net,2021-02-22,
,,Kevin,,sdv-pii-koy1h,,sdv-pii-3691q,sdv-pii-3wktg,sdv-pii-vevij,nwood@example.net,2021-03-13,
,sdv-pii-ne5i3,Amanda,Holloway,,,,sdv-pii-t9m90,,collinschristine@example.org,,sdv-pii-js96w
2.0,,,Stevens,sdv-pii-e7xo5,,sdv-pii-cpk9s,,,,,sdv-pii-lkqrz
74.0,sdv-pii-mxtdz,Peter,Wright,,,sdv-pii-wp0hv,sdv-pii-ywqr5,,pclay@example.com,2021-02-26,
,sdv-pii-v1mra,Dakota,Berry,,New Yvonne,,,sdv-pii-jdnhd,shane00@example.org,,
,sdv-pii-baow8,Blake,,sdv-pii-nvlln,,,,sdv-pii-0juq8,,,
60.0,,Christopher,Middleton,sdv-pii-5dbn7,Yvonnetown,sdv-pii-q93de,sdv-pii-hjl86,,thomasjonathan@example.com,,sdv-pii-a16td
51.0,,,Harmon,sdv-pii-mlbwh,,sdv-pii-eb2fh,sdv-pii-m26h7,,,,
,,Christopher,Castro,sdv-pii-ktjcf,,sdv-pii-bstk8,sdv-pii-5w8le,sdv-pii-4til6,sharpsteven@example.org,,sdv-pii-281my
70.0,,,Evans,sdv-pii-qljtz,Chapmanberg,,sdv-pii-y9l0x,,jjohnson@example.org,,
,sdv-pii-3i9mn,Robert,,sdv-pii-n01nn,,sdv-pii-wc8zx,,sdv-pii-g9mk5,whiteangela@example.com,2021-07-17,
36.0,sdv-pii-4xccq,,,,Torresborough,,,sdv-pii-lczxm,melissa02@example.com,,sdv-pii-yf44p
18.0,sdv-pii-w80ty,,Young,sdv-pii-4fq52,West Annefurt,,sdv-pii-xfqii,sdv-pii-5rd99,,,sdv-pii-p3fkq
,,,Blackwell,,Tiffanychester,,,,,,
,,,Howard,,Spencehaven,sdv-pii-tm2zg,sdv-pii-vo548,sdv-pii-36mea,,,sdv-pii-er0te
59.0,sdv-pii-06eqn,,,,,,sdv-pii-qld26,sdv-pii-aczak,,,
77.0,sdv-pii-nwnpb,William,,sdv-pii-l1n2c,West Benjaminfurt,,sdv-pii-xyk3v,sdv-pii-7xnj8,arthur80@example.net,2020-01-13,sdv-pii-3jh8u
,,,Jones,,North Marcus,sdv-pii-pzggm,sdv-pii-mg9aq,,yrojas@example.com,2021-07-07,sdv-pii-hszhq
52.0,sdv-pii-ybajg,Katherine,Holt,sdv-pii-1hzbg,Maxview,sdv-pii-42xux,sdv-pii-s160g,sdv-pii-oor1w,oscar71@example.org,2022-02-21,sdv-pii-d3jzi
42.0,sdv-pii-edfpn,Kelly,,sdv-pii-1q20v,,sdv-pii-5xgb9,,,cgarcia@example.net,,sdv-pii-c43kz
59.0,,Bradley,Leon,,Williamsport,,,,leechelsea@example.com,,
,,,Woodard,sdv-pii-d54gz,New John,sdv-pii-n8zsb,sdv-pii-cxzii,,,2021-01-26,sdv-pii-b3d8z
59.0,,,,,South Ambershire,sdv-pii-8xc33,sdv-pii-pyov1,,,,
,sdv-pii-swlk9,Larry,Donovan,sdv-pii-l5yk0,,,sdv-pii-gahds,sdv-pii-g3kt6,,2022-04-12,sdv-pii-v93vf
57.0,sdv-pii-wp036,Amber,,sdv-pii-qhg44,,sdv-pii-z7sf4,sdv-pii-yl5gp,sdv-pii-j6mpk,ethompson@example.com,,sdv-pii-sazfc
2.0,sdv-pii-4x3kk,,Mcgee,sdv-pii-xnq46,Bellport,sdv-pii-p4gsf,,,reillyjennifer@example.com,2021-03-23,
,,,Martinez,sdv-pii-jq3yh,,sdv-pii-qv0s9,sdv-pii-h4zrf,,stevenclark@example.net,,sdv-pii-5zjkq
64.0,sdv-pii-m9v7w,Ricky,Brown,sdv-pii-g14bu,,sdv-pii-iwqw1,,sdv-pii-ilax1,sharoncarroll@example.net,2021-05-04,sdv-pii-88oia
23.0,sdv-pii-ir864,Haley,Chambers,,Port Helen,sdv-pii-qadby,sdv-pii-cs0lo,,,,sdv-pii-607d8
51.0,,Susan,,,East Theodorefurt,,sdv-pii-b6pe7,sdv-pii-ny9c6,michael78@example.net,,sdv-pii-9m3z3
50.0,sdv-pii-4qtbp,,Lewis,,North Paulchester,,sdv-pii-og28p,sdv-pii-t1vx7,amy46@example.org,2021-04-16,
48.0,,James,Richardson,,Deborahshire,sdv-pii-czd4k,,,cbarron@example.net,,sdv-pii-hjxyi
50.0,,David,Gregory,,,sdv-pii-pgwpj,,sdv-pii-b6mv0,hughesmatthew@example.net,,sdv-pii-htcfs
62.0,,John,,,Ryanberg,,,sdv-pii-fst6p,ilynch@example.com,2021-11-06,
58.0,sdv-pii-pcsdd,,Lee,sdv-pii-f4ufx,,,sdv-pii-8cdfu,sdv-pii-qtz5m,william81@example.org,2021-02-10,sdv-pii-slkaj
3.0,sdv-pii-ogf0q,,,,West Amyshire,,,,,2020-06-13,
40.0,sdv-pii-b1f2n,,Knight,,,sdv-pii-2tde1,sdv-pii-2oizj,sdv-pii-qd1ke,jamestaylor@example.org,2021-01-24,
38.0,,Jeffrey,Elliott,sdv-pii-pq9zn,,sdv-pii-8n4fj,sdv-pii-vkm9c,sdv-pii-fxrgz,fharrington@example.org,2021-05-01,sdv-pii-6the2
36.0,sdv-pii-cm7h6,Holly,,sdv-pii-ea3va,,,sdv-pii-nq9xm,sdv-pii-x37u2,gskinner@example.org,,
,sdv-pii-97lza,William,Burnett,,,,sdv-pii-kbj5v,sdv-pii-b0r89,smithmichael@example.org,2022-03-21,sdv-pii-o06co
99.0,sdv-pii-ey0vw,Jessica,,,West Brian,,,sdv-pii-s35li,,,
,,,Holmes,sdv-pii-l4ea2,East Travis,sdv-pii-72mwn,,,danielle05@example.net,,sdv-pii-qss8r
37.0,sdv-pii-27p2q,,Clark,,South Cynthia,sdv-pii-2xzby,,,,2021-03-09,sdv-pii-gxvva
63.0,sdv-pii-qau0c,Pamela,Mitchell,sdv-pii-yg8hq,,,,,,,sdv-pii-69zfr
